feature_1,feature_2,pearson_r
Pos1_MolWt,Pos1_Chi0,0.9967
Pos4_MaxPartCharge,Pos4_MinPartCharge,0.9961
Pos1_MolWt,Pos1_Chi1,0.9952
Pos1_Chi0,Pos1_Chi1,0.9914
Pos6_MolWt,Pos6_Chi0,0.9893
Pos3_MolWt,Pos3_Chi0,0.9889
Pos2_MolWt,Pos2_Chi1,0.9884
Pos3_MolWt,Pos3_Chi1,0.9851
Pos6_Chi0,Pos6_Chi1,0.9843
Pos6_MolWt,Pos6_Chi1,0.9835
Pos2_MolWt,Pos2_Chi0,0.9782
Pos1_LogP,Pos1_Chi0,0.978
Pos5_MolWt,Pos5_Chi0,0.9762
Pos1_MolWt,Pos1_LogP,0.9754
Pos4_MolWt,Pos4_Chi0,0.9694
Pos4_MolWt,Pos4_Chi1,0.9666
Pos1_LogP,Pos1_Chi1,0.9623
Pos5_MolWt,Pos5_Chi1,0.9622
Pos3_Chi0,Pos3_Chi1,0.9553
Pos2_Chi0,Pos2_Chi1,0.9513
