Pos_1_Symbol,Pos_1_IUPAC,Pos_2_Symbol,Pos_2_IUPAC,Pos_3_Symbol,Pos_3_IUPAC,Pos_4_Symbol,Pos_4_IUPAC,Pos_5_Symbol,Pos_5_IUPAC,Pos_6_Symbol,Pos_6_IUPAC
is_D prop=1.000,,is_D prop=0.000,,is_D prop=1.000,,is_D prop=0.000,,is_D prop=1.000,,is_D prop=0.000,
is_NSub prop=0.908,,is_NSub prop=0.599,,is_NSub prop=0.622,,is_NSub prop=1.000,,is_NSub prop=0.574,,is_NSub prop=0.453,
Me_dAbu,(2R)-2-(methylamino)butanoic acid,F,(2S)-2-amino-3-phenylpropanoic acid,dF,(2R)-2-amino-3-phenylpropanoic acid,Me_Abu,(2S)-2-(methylamino)butanoic acid,dF,(2R)-2-amino-3-phenylpropanoic acid,A,(2S)-2-aminopropanoic acid
d(N->O)Gly(allyl),(2R)-2-hydroxypent-4-enoic acid,Phe(4-F),(2S)-2-amino-3-(4-fluorophenyl)propanoic acid,dI,"(2R,3R)-2-amino-3-methylpentanoic acid",Pr_Gly,2-(propylamino)acetic acid,Me_dI,"(2R,3R)-3-methyl-2-(methylamino)pentanoic acid",Me_Abu(morpholino),(2S)-2-(methylamino)-4-morpholin-4-ylbutanoic acid
Me_dK,(2R)-6-amino-2-(methylamino)hexanoic acid,isoamyl_Gly,2-(3-methylbutylamino)acetic acid,d(N->O)aIle,"(2R,3S)-2-hydroxy-3-methylpentanoic acid",GABA,4-aminobutanoic acid,Me_dL,(2R)-4-methyl-2-(methylamino)pentanoic acid,Bal,3-aminopropanoic acid
dP,(2R)-pyrrolidine-2-carboxylic acid,meI,"(2S,3S)-3-methyl-2-(methylamino)pentanoic acid",dL,(2R)-2-amino-4-methylpentanoic acid,Hyp(Et),"(2S,4R)-4-ethoxypyrrolidine-2-carboxylic acid",Me_dY,(2R)-3-(4-hydroxyphenyl)-2-(methylamino)propanoic acid,HOCOCH2_Bal,3-(carboxymethylamino)propanoic acid
dPip,(2R)-piperidine-2-carboxylic acid,meL,(2S)-4-methyl-2-(methylamino)pentanoic acid,d(N->O)Leu,(2R)-2-hydroxy-4-methylpentanoic acid,meK,(2S)-6-amino-2-(methylamino)hexanoic acid,medl-,(2R)-4-methyl-2-(methylamino)pentanoic acid,D,(2S)-2-aminobutanedioic acid
d(N->O)Val,(2R)-2-hydroxy-3-methylbutanoic acid,Phg,(2S)-2-amino-2-phenylacetic acid,Me_dNva,(2R)-2-(methylamino)pentanoic acid,Me_Lys(Me),"(2S)-2,6-bis(methylamino)hexanoic acid",dPro(O->S),N.D,meD,(2S)-2-(methylamino)butanedioic acid
dAla(O->S),N.D,Ser(Bn),(2S)-2-amino-3-phenylmethoxypropanoic acid,Me_dY,(2R)-3-(4-hydroxyphenyl)-2-(methylamino)propanoic acid,P,(2S)-pyrrolidine-2-carboxylic acid,,,Asp(OMe),(2S)-2-amino-4-methoxy-4-oxobutanoic acid
Mono115,2-[(2R)-3-ethoxy-2-(methylamino)-3-oxopropyl]sulfanylaceticacid,Me_Ser(isoamyl),(2S)-2-(methylamino)-3-(3-methylbutoxy)propanoic acid,dTyr(bR-OMe),"(2R,3R)-2-amino-3-(4-hydroxyphenyl)-3-methoxypropanoic acid",Me_Ser(Pr),(2S)-2-(methylamino)-3-propoxypropanoic acid,,,E,(2S)-2-aminopentanedioic acid
,,Me_Bmt(E),"(E,2S,3R,4R)-3-hydroxy-4-methyl-2-(methylamino)oct-6-enoic acid",Mono85,(2R)-2-(6-aminohexylamino)propanoic acid,Mono2,"(2S,3S)-3-methylpyrrolidine-2-carboxylic acid",,,Glu(3R-Me),"(2S,3R)-2-amino-3-methylpentanedioic acid"
,,meY,(2S)-3-(4-hydroxyphenyl)-2-(methylamino)propanoic acid,Mono92,(2R)-5-amino-2-methylpentanoic acid,Mono4,(2S)-2-(methylamino)-4-oxo-4-piperidin-1-ylbutanoic acid,,,Glu(OMe),(2S)-2-amino-5-methoxy-5-oxopentanoic acid
,,Tyr(Me),(2S)-2-amino-3-(4-methoxyphenyl)propanoic acid,dPro(O->S),N.D,Mono6,4-(methylamino)butanoic acid,,,G,2-aminoacetic acid
,,Mono18,"(4S,5R)-2-[(1S,2S)-1-amino-2-methylbutyl]-4,5-dihydro-1,3-oxazole-4-carboxylic acid",,,Bal(3-Me),(3S)-3-aminobutanoic acid,,,MeOEt_Gly,2-(2-methoxyethylamino)acetic acid
,,Mono39,2-(2-phenoxyethylamino)acetic acid,,,Mono40,2-[3-(1-methylpyrazol-4-yl)propylamino]acetic acid,,,NH2Bu_Gly,2-(4-aminobutylamino)acetic acid
,,Mono75,(2S)-2-(3-aminopropylamino)-3-phenylpropanoic acid,,,Mono47,(2S)-1-[(1S)-1-[(2S)-aziridin-2-yl]-2-(tert-butylamino)-2-oxoethyl]pyrrolidine-2-carboxylic acid,,,H,(2S)-2-amino-3-(1H-imidazol-5-yl)propanoic acid
,,-pip,piperidine,,,Bal(d3-Me),(3R)-3-aminobutanoic acid,,,K,"(2S)-2,6-diaminohexanoic acid"
,,Pro(O->S),N.D,,,Me_Bal(d3-Me),(3R)-3-(methylamino)butanoic acid,,,Met(O2),(2S)-2-amino-4-methylsulfonylbutanoic acid
,,Phe(3-F),(2S)-2-amino-3-(3-fluorophenyl)propanoic acid,,,-nme2,N-methylmethanamine,,,Nle(OH),(2S)-2-amino-6-hydroxyhexanoic acid
,,Me_Nva(F2),"(2S)-5,5-difluoro-2-(methylamino)pentanoic acid",,,Me_Gly(cPr),(2S)-2-cyclopropyl-2-(methylamino)acetic acid,,,Orn,"(2S)-2,5-diaminopentanoic acid"
,,,,,,-aze,azetidine,,,meQ,(2S)-5-amino-2-(methylamino)-5-oxopentanoic acid
,,,,,,,,,,Gln(Me),2-amino-5-(methylamino)-5-oxopentanoic acid
,,,,,,,,,,Gln(Me2),(2S)-2-amino-5-(dimethylamino)-5-oxopentanoic acid
,,,,,,,,,,"Arg(Me,Me)","(2S)-2-amino-5-[(N,N'-dimethylcarbamimidoyl)amino]pentanoic acid"
,,,,,,,,,,Ser(Ac),(2S)-3-acetyloxy-2-aminopropanoic acid
,,,,,,,,,,Ser(EtNMe2),(2S)-2-amino-3-[2-(dimethylamino)ethoxy]propanoic acid
,,,,,,,,,,Ser(Me),(2S)-2-amino-3-methoxypropanoic acid
,,,,,,,,,,Sar,2-(methylamino)acetic acid
,,,,,,,,,,T,"(2S,3R)-2-amino-3-hydroxybutanoic acid"
,,,,,,,,,,meT,"(2S,3R)-3-hydroxy-2-(methylamino)butanoic acid"
,,,,,,,,,,(N->O)Val(3-OH),"(2S)-2,3-dihydroxy-3-methylbutanoic acid"
,,,,,,,,,,Mono5,(2S)-2-(methylamino)-4-morpholin-4-yl-4-oxobutanoic acid
,,,,,,,,,,Mono23,"(2S,3R)-2,3-diaminobutanoic acid"
,,,,,,,,,,Mono24,"(2S,3S,4R)-2,5-diamino-3,4-dimethyl-5-oxopentanoic acid"
,,,,,,,,,,Mono33,2-(morpholin-4-ylmethylamino)ethanol
,,,,,,,,,,Mono42,2-(2-morpholin-4-ylethylamino)acetic acid
,,,,,,,,,,Mono54,(2S)-2-amino-3-[(2S)-2-hydroxypropoxy]propanoic acid
,,,,,,,,,,Mono55,(2S)-2-amino-3-(2-hydroxy-2-methylpropoxy)propanoic acid
,,,,,,,,,,Mono56,(2S)-2-amino-3-(3-hydroxy-3-methylbutoxy)propanoic acid
,,,,,,,,,,Mono57,(2S)-2-amino-3-[2-(tert-butylamino)-2-oxoethoxy]propanoic acid
,,,,,,,,,,Mono62,(2S)-2-amino-3-(2-morpholin-4-ylethoxy)propanoic acid
,,,,,,,,,,Mono63,"(2S)-2-amino-4-(5-oxo-4H-1,2,4-oxadiazol-3-yl)butanoic acid"
,,,,,,,,,,Mono66,"(2S)-2-amino-3-(3,3,3-trifluoro-2-hydroxypropoxy)propanoic acid"
,,,,,,,,,,Mono111,"(4R)-2-[6-[(2S)-2-amino-3-amino-3-oxopropyl]-3H-azepin-8-yl]-4,5-dihydro-1,3-thiazole-4-carboxylic acid"
,,,,,,,,,,Mono112,"(4R)-2-[(2S)-2,3-diamino-3-oxopropyl]-4,5-dihydro-1,3-thiazole-4-carboxylic acid"
,,,,,,,,,,glyco-,2-hydroxyacetic acid
,,,,,,,,,,Thr(O->S),N.D
,,,,,,,,,,Ac3c,1-aminocyclopropane-1-carboxylic acid
,,,,,,,,,,Aze,(2S)-azetidine-2-carboxylic acid
,,,,,,,,,,Ser(tBuOH),(2S)-2-amino-3-(2-hydroxy-2-methylpropoxy)propanoic acid
,,,,,,,,,,Val(3-OH),(2S)-2-amino-3-hydroxy-3-methylbutanoic acid
,,,,,,,,,,Me_Ser(Me),(2S)-3-methoxy-2-(methylamino)propanoic acid
,,,,,,,,,,Mono116,2-[4-(methylaminomethyl)triazol-1-yl]acetic acid
