ID,Sequence,True_Permeability,Predicted_Permeability,Residual
2955,dA-Me_dL-dL-P-Me_dL-F,-5.58,-5.307121547619045,-0.2728784523809553
6,L-L-L-L-dP-Y,-7.3,-6.321156620162395,-0.9788433798376044
3002,dA-Bn_Gly-Me_dL-P-Me_dL-F,-5.44,-5.38925942460319,-0.05074057539681043
3502,Me_dA-dL-dL-dP-meL-F,-5.76,-5.421024345238098,-0.33897565476190206
2743,Pr_Gly-Me_dL-meL-dP-meL-F,-5.08,-5.094607202380952,0.014607202380951811
1229,L-Mono38-meL-Nle-dP-iBu_Gly,-5.07,-5.318747008196059,0.24874700819605877
1325,F-Mono41-meL-Nle-dP-Mono42,-7.35,-6.925575000000005,-0.42442499999999495
1469,L-Mono38-meL-Nle-dP-Mono44,-5.05,-5.366149804900382,0.31614980490038214
2973,dA-L-Bn_Gly-P-dL-F,-6.63,-6.422251190476183,-0.20774880952381647
2693,Pr_Gly-L-dL-dP-dL-F,-6.04,-5.831503475975967,-0.2084965240240333
1326,Nal-Bn_Gly-meL-Nle-dP-Mono42,-5.92,-6.055099999999992,0.13509999999999245
3444,meA-meL-L-dP-Me_dL-F,-4.92,-4.963085317460319,0.04308531746031896
2839,Pr_Gly-Bn_Gly-Bn_Gly-P-Bn_Gly-F,-5.87,-5.886114999999997,0.01611499999999655
1806,dA-Mono38-dL-Nle-dP-Et_Gly,-7.14,-8.127709166666662,0.9877091666666624
1225,A-Mono41-meL-Nle-dP-iBu_Gly,-7.62,-7.131350000000009,-0.4886499999999909
3390,Me_dA-Bn_Gly-Me_dL-P-Me_dL-F,-4.97,-4.795310734681987,-0.17468926531801277
3215,dA-Bn_Gly-Bn_Gly-dP-Bn_Gly-F,-6.17,-6.161945833333319,-0.008054166666680906
3217,meA-dL-dL-P-L-F,-5.8,-5.475663123411864,-0.32433687658813604
2708,Pr_Gly-dL-meL-dP-L-F,-5.29,-5.485140637254898,0.19514063725489805
1096,P-F-Y-P-G-L,-8.0,-6.11252526174407,-1.8874747382559303
2701,Pr_Gly-L-Me_dL-dP-dL-F,-5.21,-5.619463046536788,0.40946304653678833
2983,dA-Me_dL-Me_dL-P-meL-F,-5.35,-5.237663387307142,-0.11233661269285733
1034,L-Me_dL-iBu_Gly-L-dP-meY,-5.51,-5.600266150868723,0.09026615086872347
1719,A-cHexCH2_Gly-Me_dL-Nle-dP-Mono34,-4.86,-4.903438724448623,0.043438724448622956
3066,A-Me_dL-meL-dP-L-F,-5.18,-5.865335871040731,0.6853358710407313
1649,dF-cHexCH2_Gly-meL-Nle-dP-Et_Gly,-5.16,-5.194360442870458,0.03436044287045803
4,L-L-L-dL-P-Y,-7.1,-6.733281085858573,-0.3667189141414262
1329,Nal-3-pyridylethyl_Gly-meL-Nle-dP-Mono42,-6.02,-5.874949999999997,-0.145050000000003
2594,bHph-dL-dL-P-dL-F,-5.81,-5.724551531531525,-0.0854484684684742
1541,F-cHexCH2_Gly-meL-Nle-P-Et_Gly,-5.07,-5.0725576300214215,0.0025576300214211756
3395,Me_dA-Me_dL-meL-P-Bn_Gly-F,-4.94,-4.779372738095233,-0.16062726190476706
1442,F-Mono39-meL-Nle-dP-Mono1,-7.76,-6.423786865808761,-1.3362131341912384
3067,A-L-Me_dL-dP-meL-F,-5.11,-5.828361011904764,0.7183610119047641
3477,meA-Me_dL-meL-dP-Bn_Gly-F,-5.22,-5.306054285714277,0.08605428571427698
2869,A-Me_dL-Me_dL-P-L-F,-5.41,-5.665281307548657,0.25528130754865686
3526,Me_dA-Me_dL-meL-dP-L-F,-5.55,-5.304005958281408,-0.24599404171859174
2581,bHph-meL-Bn_Gly-dP-Me_dL-F,-5.41,-5.56856416666667,0.15856416666666995
1506,L-Bn_Gly-meL-Nle-dP-Mono45,-5.66,-6.104625416666663,0.4446254166666632
975,"dP-Sta-Me_dL-Me_dL-Sta(3R,4R)-Me_dL",-5.15,-5.240166734537396,0.09016673453739532
3284,meA-L-Me_dL-P-Bn_Gly-F,-4.88,-5.103278333333331,0.22327833333333125
1481,F-PhPr_Gly-meL-Nle-dP-Mono44,-7.34,-7.100295000000008,-0.23970499999999184
1024,meA-Me_dA-dA-Me_dA-Me_dA-dA,-7.1,-7.845216666666667,0.7452166666666677
3053,A-L-meL-dP-L-F,-5.62,-6.26412083333333,0.6441208333333295
3031,A-dL-L-dP-L-F,-5.24,-6.290437499999999,1.0504374999999984
2670,bHph-Me_dL-bHph-P-L-F,-5.72,-5.733299027777765,0.013299027777764927
1763,dF-cHexCH2_Gly-Me_dL-Nle-P-Mono34,-5.01,-5.18155893867983,0.17155893867982996
3143,dA-L-meL-dP-L-F,-5.16,-6.1289250000000015,0.9689250000000014
1237,F-cHexCH2_Gly-meL-Nle-dP-iBu_Gly,-6.82,-6.129099925144735,-0.6909000748552652
1452,Nal-Mono40-meL-Nle-dP-Mono1,-7.6,-6.89927500000001,-0.7007249999999896
1284,F-Mono40-meL-Nle-dP-Mono34,-5.33,-5.396825527648761,0.06682552764876082
3510,Me_dA-L-Me_dL-dP-L-F,-5.41,-5.241771708683465,-0.16822829131653538
1850,Hph-3Pal-dP-PhPr_Gly-Nva(Ph)-dF,-5.74,-5.834856249999993,0.0948562499999932
2846,A-Me_dL-dL-P-dL-F,-5.95,-6.266998571428554,0.31699857142855414
2564,bHph-Me_dL-dL-dP-Bn_Gly-F,-5.48,-5.909164880952394,0.4291648809523938
1169,Nal-3-pyridylethyl_Gly-meL-Nle-dP-Et_Gly,-5.51,-5.555700000000001,0.04570000000000096
3112,A-Bn_Gly-meL-dP-meL-F,-5.19,-5.376307797619043,0.18630779761904304
2700,Pr_Gly-Me_dL-dL-dP-L-F,-5.3,-5.4101787548402696,0.11017875484026973
1732,A-pentyl_Gly-dL-Nle-dP-Et_Gly,-5.99,-6.102625583333326,0.11262558333332606
2645,bHph-Me_dL-meL-P-Me_dL-F,-5.25,-5.179112420634915,-0.07088757936508472
7395,dP-dPye-dL-dL-dL-L,-6.26,-5.850493749999994,-0.40950625000000596
1023,Me_dA-meA-A-meA-meA-A,-7.0,-7.839000000000012,0.839000000000012
1567,F-pentyl_Gly-L-Nle-P-Mono1,-5.09,-5.384720059405018,0.29472005940501855
1687,A-pentyl_Gly-Me_dL-Nle-P-Mono1,-4.84,-4.988676574571794,0.14867657457179373
2310,L-Me_dAbu-Me_Abu-L-dP-meF,-4.49,-4.763237499999999,0.2732374999999987
1235,F-Bn_Gly-meL-Nle-dP-iBu_Gly,-6.06,-5.7743865779119,-0.28561342208809926
1612,dA-Mono38-meL-Nle-P-Mono34,-7.04,-7.22343166666667,0.18343166666667
1286,Nal-Bn_Gly-meL-Nle-dP-Mono34,-6.55,-7.360450000000017,0.8104500000000172
1554,A-Mono38-L-Nle-P-Et_Gly,-8.0,-7.659304999999997,-0.34069500000000286
3386,Me_dA-L-Bn_Gly-P-meL-F,-5.07,-5.014701388888894,-0.05529861111110623
3180,dA-meL-Me_dL-dP-meL-F,-5.02,-5.163003617493619,0.14300361749361912
2898,A-meL-Bn_Gly-P-dL-F,-6.07,-6.191620833333335,0.12162083333333484
3501,Me_dA-L-dL-dP-Me_dL-F,-5.52,-5.259697420634929,-0.26030257936507084
2991,dA-meL-Bn_Gly-P-dL-F,-5.79,-5.72803333333333,-0.06196666666667028
1007,dP-dL-dL-dL-L-Y,-6.239999999999999,-6.064560454545463,-0.17543954545453655
2851,A-L-dL-P-Me_dL-F,-6.0,-6.001149999999999,0.0011499999999990962
3269,meA-L-Bn_Gly-P-L-F,-5.36,-5.49601791666668,0.13601791666667928
1429,L-Mono38-meL-Nle-dP-Mono1,-5.02,-5.319780467282161,0.29978046728216157
2598,bHph-dL-L-P-L-F,-5.78,-5.658112588102878,-0.12188741189712182
7405,dP-dL-L-dL-L-Pye,-6.74,-6.062695375180384,-0.677304624819616
2761,Pr_Gly-meL-Bn_Gly-dP-meL-F,-5.15,-5.44340904761905,0.2934090476190496
3108,A-dL-Bn_Gly-dP-Bn_Gly-F,-6.01,-5.8120166666666675,-0.1979833333333323
1802,dF-cHexCH2_Gly-Me_dL-Nle-dP-Mono1,-6.88,-6.081721083959888,-0.798278916040112
1596,F-Mono38-L-Nle-dP-Et_Gly,-5.95,-6.159703166766548,0.20970316676654743
1727,F-cHexCH2_Gly-Me_dL-Nle-dP-Mono34,-5.77,-5.809246523627769,0.03924652362776904
1729,F-pentyl_Gly-Me_dL-Nle-dP-Mono1,-8.26,-6.283880493944887,-1.976119506055113
2961,dA-meL-Me_dL-P-dL-F,-5.14,-5.375045773809514,0.23504577380951464
2624,bHph-Me_dL-meL-P-dL-F,-5.21,-5.279731861385272,0.06973186138527243
1285,F-Mono41-meL-Nle-dP-Mono34,-6.23,-5.9708901916741555,-0.25910980832584496
1486,Nal-Bn_Gly-meL-Nle-dP-Mono44,-7.88,-7.696199999999991,-0.18380000000000862
2997,dA-L-Bn_Gly-P-meL-F,-5.59,-5.866420357142857,0.2764203571428574
999,dP-meY-L-Me_dL-meL-L,-5.575,-5.226636762820518,-0.34836323717948225
3483,meA-Bn_Gly-bHph-dP-dL-F,-5.9,-5.940875000000009,0.040875000000008654
40,L-dP-meY-L-Me_dL-meD,-6.34,-5.688457936507947,-0.6515420634920526
7396,dP-dL-dPye-dL-dL-L,-5.99,-5.9639850000000045,-0.02601499999999568
1544,A-cHexCH2_Gly-meL-Nle-P-Mono1,-4.93,-5.043612617034243,0.11361261703424308
3176,dA-dL-bHph-dP-dL-F,-6.01,-5.484299999999993,-0.5257000000000067
3499,Me_dA-dL-dL-dP-Me_dL-F,-5.97,-5.421024345238098,-0.548975654761902
3449,meA-meL-L-dP-meL-F,-4.92,-4.963085317460319,0.04308531746031896
3123,dA-L-L-dP-dL-F,-6.34,-5.86467,-0.4753299999999996
1245,F-Mono41-meL-Nle-dP-iBu_Gly,-6.03,-6.0102422101449315,-0.019757789855068708
2750,Pr_Gly-L-meL-dP-Bn_Gly-F,-5.13,-5.132898928571425,0.0028989285714251523
1502,A-PhPr_Gly-meL-Nle-dP-Mono45,-5.08,-5.285250000000011,0.20525000000001103
1472,L-PhPr_Gly-meL-Nle-dP-Mono44,-6.97,-6.774849999999998,-0.1951500000000017
7453,dLeu(O->S)-L-L-dP-Y-L,-4.97,-5.603841124811809,0.6338411248118092
3446,meA-Me_dL-L-dP-meL-F,-4.87,-4.963085317460319,0.09308531746031878
1616,dA-cHexCH2_Gly-meL-Nle-P-Mono1,-5.09,-5.161892972582979,0.07189297258297955
3424,meA-Me_dL-L-dP-dL-F,-5.51,-5.373617190175834,-0.13638280982416617
2653,bHph-dL-bHph-P-L-F,-5.69,-5.605366666666658,-0.08463333333334244
1724,A-cHexCH2_Gly-Me_dL-Nle-dP-Mono1,-5.17,-5.147699162363897,-0.022300837636103132
3044,A-L-dL-dP-meL-F,-6.55,-6.2371000000000025,-0.3128999999999973
3263,meA-L-Bn_Gly-P-dL-F,-5.83,-5.657577083333336,-0.17242291666666443
2330,L-Me_dL-Me_Cha-L-dP-meY,-5.63,-5.800418055555549,0.17041805555554923
2753,Pr_Gly-Me_dL-Me_dL-dP-Bn_Gly-F,-5.7,-5.161709285714291,-0.5382907142857087
2628,bHph-Me_dL-L-P-Me_dL-F,-5.24,-5.175655595238088,-0.06434440476191217
1015,dP-meL-Me_dL-Me_dL-L-Y,-5.67,-5.825087646548196,0.1550876465481963
2892,A-dL-Me_dL-P-Bn_Gly-F,-5.39,-5.679232619047614,0.2892326190476142
15,Tyr(Me)-P-dL-dL-dL-dL,-6.52,-6.739775000000008,0.21977500000000827
3007,dA-meL-Me_dL-P-Bn_Gly-F,-5.37,-5.391104821428574,0.021104821428574283
7456,dL-L-L-dPro(O->S)-Y-L,-5.38,-5.687090747126438,0.3070907471264377
2911,A-Me_dL-Me_dL-P-Bn_Gly-F,-5.35,-5.302808035714276,-0.04719196428572392
1768,dA-pentyl_Gly-dL-Nle-P-Et_Gly,-6.71,-6.356062499999995,-0.3539375000000051
970,dP-Sta-meL-Me_dL-Sta-meL,-5.7,-5.240166734537396,-0.4598332654626045
2523,bHph-dL-dL-dP-Me_dL-F,-5.32,-5.430034761904765,0.1100347619047648
1807,dA-pentyl_Gly-dL-Nle-dP-Mono34,-5.81,-5.71164583333334,-0.09835416666665964
2331,L-Me_dAbu-Me_Cha-Cha-dP-meY,-5.9,-5.732385340909092,-0.16761465909090845
3246,meA-Me_dL-Me_dL-P-dL-F,-4.85,-5.233235940098657,0.3832359400986576
1740,F-Mono38-dL-Nle-dP-Et_Gly,-5.89,-6.013761448727552,0.12376144872755201
2539,bHph-dL-Me_dL-dP-meL-F,-5.1,-5.4010036309523795,0.3010036309523798
1776,dF-Mono38-dL-Nle-P-Et_Gly,-6.95,-6.306492499999997,-0.6435075000000028
2615,bHph-dL-meL-P-L-F,-5.41,-5.447222112296668,0.03722211229666783
3290,meA-L-Bn_Gly-P-meL-F,-5.15,-5.014701388888894,-0.1352986111111063
3440,meA-dL-dL-dP-Bn_Gly-F,-6.02,-5.656465000000005,-0.3635349999999944
3313,meA-Bn_Gly-bHph-P-L-F,-6.11,-5.936350595238099,-0.1736494047619015
1217,A-cHexCH2_Gly-meL-Nle-dP-iBu_Gly,-4.96,-4.971205498085609,0.011205498085608667
3426,meA-dL-meL-dP-dL-F,-5.05,-5.10805346320347,0.05805346320347038
1130,P-G-L-A-F-A,-8.06,-7.206827380952379,-0.8531726190476219
3338,Me_dA-L-L-P-Me_dL-F,-5.37,-5.4466679563492075,0.07666795634920742
1038,L-Me_dL-iBu_Gly-L-dP-Bn(4-OH)_Gly,-5.44,-5.496793025612771,0.05679302561277044
2688,bHph-meL-bHph-P-Bn_Gly-F,-5.54,-5.548754166666649,0.008754166666649077
1413,Nal-Mono41-meL-Nle-dP-Mono43,-7.28,-7.5782999999999925,0.29829999999999224
7434,dP-dCha-Pye-dL-Hph-L,-5.4,-5.591058333333334,0.19105833333333333
3378,Me_dA-dL-bHph-P-L-F,-5.89,-5.736682222222206,-0.15331777777779365
7428,dP-dCha-Pye-dL-Abu-L,-6.39,-5.951041666666672,-0.43895833333332757
3251,meA-dL-meL-P-Me_dL-F,-4.98,-4.547207341269842,-0.4327926587301585
2709,Pr_Gly-L-L-dP-Me_dL-F,-5.15,-5.161265972222218,0.011265972222217258
1006,dP-dL-L-L-dL-Y,-5.086666666666667,-5.6610097222222215,0.5743430555555546
2636,bHph-dL-Bn_Gly-P-L-F,-5.55,-5.596790175438588,0.04679017543858777
1164,F-Mono40-meL-Nle-dP-Et_Gly,-5.7,-5.522378296178808,-0.1776217038211918
2820,Pr_Gly-dL-meL-P-Bn_Gly-F,-5.08,-5.152893571428575,0.07289357142857522
1715,A-cHexCH2_Gly-Me_dL-Nle-dP-Et_Gly,-4.91,-5.137735366804679,0.2277353668046791
3541,Me_dA-meL-Me_dL-dP-Me_dL-F,-4.9,-4.930726799728047,0.030726799728046927
2952,dA-L-L-P-meL-F,-6.27,-6.198604999999999,-0.07139500000000076
1397,F-cHexCH2_Gly-meL-Nle-dP-Mono43,-8.53,-8.49275,-0.03725000000000023
3082,A-dL-Bn_Gly-dP-Me_dL-F,-6.26,-5.7840706547619,-0.47592934523810015
2934,dA-L-L-P-dL-F,-6.89,-6.670306666666659,-0.21969333333334085
2788,Pr_Gly-Me_dL-dL-P-Me_dL-F,-4.82,-4.830705860667117,0.010705860667116873
989,Mono14-meA-F-P-I-P,-6.3,-5.476752619047614,-0.8232473809523855
3097,A-meL-L-dP-Bn_Gly-F,-5.74,-5.184129722222232,-0.5558702777777684
1780,dF-pentyl_Gly-dL-Nle-P-Mono34,-4.93,-5.16104546896708,0.23104546896708023
1266,L-Bn_Gly-meL-Nle-dP-Mono34,-5.17,-5.425697705221463,0.25569770522146307
995,Mono14-L-F-P-I-P,-5.33,-5.49609238095238,0.16609238095237977
1087,Me_dA-Sar-F-Me_dL-meL-Y,-6.03,-6.277991150793652,0.24799115079365208
1675,dF-pentyl_Gly-L-Nle-dP-Mono1,-5.43,-5.4765718094050335,0.046571809405033804
3164,dA-L-dL-dP-Bn_Gly-F,-5.89,-6.1624208333333375,0.2724208333333378
2680,bHph-Me_dL-bHph-P-meL-F,-5.41,-5.315529659090921,-0.09447034090907902
1330,Nal-PhPr_Gly-meL-Nle-dP-Mono42,-6.37,-6.779049999999996,0.40904999999999614
3303,meA-meL-meL-P-Bn_Gly-F,-5.75,-4.779372738095233,-0.9706272619047667
1467,F-MeOEt_Gly-meL-Nle-dP-Mono44,-5.38,-5.372549999999999,-0.007450000000001289
1032,iBu_Gly-Me_dL-meL-L-dP-meY,-5.26,-5.424255322474752,0.1642553224747525
2809,Pr_Gly-meL-Me_dL-P-Me_dL-F,-4.77,-4.804071942918194,0.034071942918194154
3204,dA-dL-Bn_Gly-dP-Bn_Gly-F,-6.15,-6.017666666666661,-0.13233333333333963
2320,L-Me_dNva-Me_Cha-Cha-dP-meF,-6.49,-6.147281250000011,-0.34271874999998886
3034,A-Me_dL-dL-dP-dL-F,-6.67,-6.093137142857143,-0.5768628571428573
27,meL-Me_dL-meL-meL-dP-meY,-5.46,-5.589941324573329,0.12994132457332874
36,L-dP-meY-L-Me_dL-meA,-5.26,-6.3562805555555375,1.0962805555555377
2465,Y-L-dL-meL-L-dP,-5.66,-5.749402893772892,0.0894028937728919
2984,dA-dL-Bn_Gly-P-Me_dL-F,-6.34,-6.162576538600292,-0.17742346139970788
7404,dP-dL-L-dL-Pye-L,-6.55,-6.386770454545461,-0.16322954545453872
3556,Me_dA-meL-meL-dP-meL-F,-4.81,-4.930726799728047,0.12072679972804767
3003,dA-Me_dL-Me_dL-P-Bn_Gly-F,-5.37,-5.391104821428574,0.021104821428574283
7392,dP-dL-dL-dL-Pye-L,-6.5,-6.660320454545461,0.1603204545454613
1191,L-3-pyridylethyl_Gly-meL-Nle-dP-Pr_Gly,-5.62,-5.696482607686514,0.07648260768651394
1857,Ala(tBu)-Tza-dP-Mono48-Cha-dF,-5.42,-5.405366666666663,-0.014633333333336829
3493,Me_dA-L-dL-dP-dL-F,-6.13,-5.997747900579146,-0.13225209942085403
2774,Pr_Gly-dL-L-P-L-F,-4.94,-5.7262296051245976,0.7862296051245972
1620,dF-Mono38-meL-Nle-P-Mono34,-6.27,-5.874602944188411,-0.39539705581158824
3013,dA-L-Bn_Gly-P-Bn_Gly-F,-6.22,-5.892066666666668,-0.3279333333333314
3166,dA-dL-L-dP-Bn_Gly-F,-5.48,-5.838699999999996,0.35869999999999536
2879,A-dL-Bn_Gly-P-L-F,-5.81,-6.189771428571424,0.37977142857142443
2887,A-Me_dL-meL-P-Me_dL-F,-4.88,-5.115674758297258,0.23567475829725826
2674,bHph-meL-bHph-P-L-F,-5.71,-5.733299027777765,0.023299027777764714
3553,Me_dA-dL-meL-dP-Bn_Gly-F,-5.25,-5.226375952380962,-0.023624047619038357
3146,dA-dL-meL-dP-Me_dL-F,-5.47,-5.862675416666666,0.39267541666666617
3083,A-dL-Me_dL-dP-Bn_Gly-F,-6.23,-5.530185416666678,-0.699814583333322
1639,dF-pentyl_Gly-L-Nle-P-Mono1,-5.39,-5.370231419054143,-0.019768580945856762
3561,Me_dA-Me_dL-bHph-dP-dL-F,-5.66,-5.670152832722831,0.010152832722830851
1689,A-Mono38-Me_dL-Nle-P-Mono1,-5.54,-6.0151383333333275,0.47513833333332745
1347,F-MeOEt_Gly-meL-Nle-dP-Bn(4-Cl)_Gly,-5.94,-6.01869999999999,0.07869999999998978
2306,L-Me_dL-meA-L-dP-meA,-4.75,-4.989542735042746,0.23954273504274592
3232,meA-L-Me_dL-P-dL-F,-4.83,-5.487146233756815,0.6571462337568148
1773,dA-cHexCH2_Gly-dL-Nle-P-Mono34,-5.81,-5.7054375000000075,-0.10456249999999212
1621,dF-pentyl_Gly-meL-Nle-P-Mono1,-5.5,-5.57677132245848,0.07677132245848028
3381,Me_dA-L-Me_dL-P-Bn_Gly-F,-5.14,-5.103278333333331,-0.03672166666666854
1602,F-Mono38-L-Nle-dP-Mono34,-5.44,-5.661976562755128,0.22197656275512756
2611,bHph-dL-L-P-meL-F,-5.7,-5.5420499999999935,-0.1579500000000067
2853,A-Me_dL-dL-P-L-F,-5.62,-6.198379166666655,0.5783791666666547
1491,Nal-Mono39-meL-Nle-dP-Mono44,-8.27,-7.934450000000014,-0.33554999999998536
7422,dP-dA-Pye-dL-L-L,-7.5,-6.621039583333333,-0.8789604166666667
5652,meF-Me_Nle-Nle-Me_Nle-P-Mono100,-5.5,-5.643896428571424,0.14389642857142437
1204,F-Mono40-meL-Nle-dP-Pr_Gly,-5.43,-5.351420094984853,-0.07857990501514678
1796,dA-cHexCH2_Gly-Me_dL-Nle-dP-Mono1,-5.13,-5.273550952380933,0.14355095238093352
2341,L-dAbu-Cha-Cha-dP-F,-5.36,-5.572452734469054,0.21245273446905344
2517,bHph-dL-L-dP-dL-F,-5.03,-5.448226290303453,0.41822629030345304
3111,A-L-bHph-dP-meL-F,-6.0,-5.967754166666665,-0.032245833333335305
1080,dA-G-F-dL-L-Y,-7.7,-7.095375000000003,-0.6046249999999969
3520,Me_dA-meL-dL-dP-Me_dL-F,-5.05,-4.990662489177491,-0.05933751082250893
39,L-dP-meY-L-Me_dL-meW,-6.66,-6.2293750000000045,-0.4306249999999956
1189,L-Mono38-meL-Nle-dP-Pr_Gly,-5.34,-5.48380406511797,0.14380406511796995
3389,Me_dA-Me_dL-bHph-P-dL-F,-5.29,-5.7298525992063665,0.43985259920636643
2682,bHph-Bn_Gly-bHph-P-dL-F,-6.08,-5.979329761904768,-0.10067023809523246
1230,F-pentyl_Gly-meL-Nle-dP-iBu_Gly,-5.97,-5.69590635283781,-0.2740936471621893
7397,dP-dL-dL-dPye-dL-L,-5.96,-6.300249999999984,0.3402499999999842
1605,F-Mono38-L-Nle-dP-Mono1,-5.1,-5.435552388396885,0.33555238839688517
3288,meA-dL-meL-P-Bn_Gly-F,-4.98,-5.130749523809522,0.15074952380952134
3236,meA-meL-L-P-dL-F,-5.73,-5.124398962578278,-0.6056010374217227
2664,bHph-L-meL-P-Bn_Gly-F,-5.39,-5.473188333333342,0.08318833333334208
2771,Pr_Gly-L-dL-P-dL-F,-5.73,-5.733841693869192,0.0038416938691918645
3090,A-meL-dL-dP-Bn_Gly-F,-5.76,-5.454835000000005,-0.30516499999999436
1208,Nal-Mono38-meL-Nle-dP-Pr_Gly,-5.37,-5.480472756410244,0.11047275641024346
7219,dP-dF-dA-P-P-dL,-5.7,-5.644012083333333,-0.055987916666667026
3140,dA-Me_dL-L-dP-L-F,-5.42,-6.044910952380958,0.624910952380958
2725,Pr_Gly-L-meL-dP-Me_dL-F,-4.86,-5.005186210317457,0.1451862103174566
1036,L-iBu_Gly-iBu_Gly-L-dP-meY,-5.6,-5.503844353621089,-0.09615564637891083
2648,bHph-Me_dL-Bn_Gly-P-dL-F,-5.81,-5.866476190476185,0.05647619047618502
1559,F-cHexCH2_Gly-L-Nle-P-Et_Gly,-5.0,-5.097717809821608,0.09771780982160827
7425,dP-dA-Pye-dL-Hph-L,-6.61,-6.411824999999997,-0.19817500000000354
2865,A-Me_dL-meL-P-dL-F,-5.61,-5.63237093746584,0.022370937465839624
2626,bHph-Me_dL-dL-P-meL-F,-5.11,-5.130917023809522,0.020917023809521318
1376,A-Bn_Gly-meL-Nle-dP-Mono43,-5.77,-5.798050000000004,0.028050000000004793
2796,Pr_Gly-Bn_Gly-dL-P-dL-F,-5.45,-5.280543503579756,-0.16945649642024385
2730,Pr_Gly-dL-Bn_Gly-dP-L-F,-5.77,-5.737190833333334,-0.03280916666666567
2926,A-meL-bHph-P-meL-F,-5.24,-6.0215874999999865,0.7815874999999863
3141,dA-meL-L-dP-L-F,-5.99,-6.044910952380958,0.05491095238095767
2638,bHph-L-dL-P-Bn_Gly-F,-5.57,-5.5979733333333375,0.02797333333333718
1291,Nal-Mono39-meL-Nle-dP-Mono34,-6.8,-7.633850000000024,0.833850000000024
2646,bHph-meL-Me_dL-P-Me_dL-F,-5.29,-5.179112420634915,-0.11088757936508475
3052,A-L-L-dP-meL-F,-6.04,-5.711699999999992,-0.3283000000000085
7429,dP-dL-Pye-dL-Phg-L,-6.2,-5.721688750000006,-0.47831124999999375
2665,bHph-meL-L-P-Bn_Gly-F,-5.39,-5.366338452380953,-0.023661547619046708
1332,Nal-Mono40-meL-Nle-dP-Mono42,-6.05,-5.934249999999999,-0.11575000000000113
3139,dA-L-L-dP-Me_dL-F,-5.2,-5.612654999999993,0.4126549999999929
3415,meA-L-L-dP-dL-F,-6.06,-6.283994031531539,0.2239940315315394
1659,dF-Mono38-meL-Nle-dP-Mono1,-6.27,-5.468675140831377,-0.8013248591686226
1674,dF-Mono38-L-Nle-dP-Mono34,-6.33,-6.194044821428572,-0.13595517857142791
1053,L-Me_dL-meL-L-dP-Y,-6.02,-5.164188987432096,-0.8558110125679033
1304,A-Mono40-meL-Nle-dP-Mono42,-8.2,-8.020364583333315,-0.17963541666668448
2662,bHph-meL-Bn_Gly-P-L-F,-5.69,-5.732138452380944,0.042138452380943825
3315,meA-meL-Bn_Gly-P-Bn_Gly-F,-5.14,-5.260742678571424,0.12074267857142473
1459,L-MeOEt_Gly-meL-Nle-dP-Mono44,-5.11,-5.3494099999999944,0.23940999999999413
5653,dF-Nle-Nle-Nle-P-Mono100,-6.7,-6.204736746031757,-0.49526325396824333
2875,A-meL-dL-P-meL-F,-5.25,-5.248554642857155,-0.0014453571428454381
1436,L-Mono41-meL-Nle-dP-Mono1,-5.99,-5.881948672598693,-0.10805132740130752
2672,bHph-meL-Me_dL-P-Bn_Gly-F,-5.52,-5.230548452380961,-0.2894515476190387
3370,Me_dA-meL-Me_dL-P-Me_dL-F,-4.76,-4.498628889443891,-0.26137111055610873
2303,L-Me_dA-meA-L-dP-meA,-5.31,-6.152298912655961,0.842298912655961
2896,A-dL-bHph-P-L-F,-6.6,-6.16712976190476,-0.43287023809523983
1275,F-Bn_Gly-meL-Nle-dP-Mono34,-5.52,-5.56512823591875,0.04512823591875037
3272,meA-Me_dL-meL-P-Me_dL-F,-4.0,-4.498628889443891,0.49862888944389105
3046,A-dL-meL-dP-L-F,-6.27,-6.207222499999993,-0.06277750000000637
3228,meA-dL-meL-P-dL-F,-5.12,-4.9098482513006685,-0.21015174869933162
3380,Me_dA-L-Bn_Gly-P-Me_dL-F,-5.09,-5.014701388888894,-0.0752986111111058
1430,F-pentyl_Gly-meL-Nle-dP-Mono1,-7.04,-6.283880493944887,-0.7561195060551134
2938,dA-dL-Me_dL-P-dL-F,-5.69,-6.27473702380952,0.5847370238095193
1628,dF-pentyl_Gly-L-Nle-P-Et_Gly,-5.53,-5.269089231470678,-0.26091076852932193
1479,F-3-pyridylethyl_Gly-meL-Nle-dP-Mono44,-5.57,-5.5382592520979275,-0.03174074790207282
3339,Me_dA-L-dL-P-meL-F,-5.02,-5.102936408730168,0.08293640873016805
2913,A-meL-bHph-P-dL-F,-6.89,-6.23514761904761,-0.6548523809523896
1394,L-Mono40-meL-Nle-dP-Mono43,-5.83,-5.656349999999996,-0.17365000000000386
1348,L-cHexCH2_Gly-meL-Nle-dP-Bn(4-Cl)_Gly,-7.1,-7.746400000000017,0.6464000000000176
2605,bHph-dL-dL-P-meL-F,-5.13,-5.468933333333334,0.3389333333333342
2855,A-dL-meL-P-L-F,-6.26,-6.175379999999987,-0.08462000000001257
1499,L-MeOEt_Gly-meL-Nle-dP-Mono45,-5.23,-5.558099999999988,0.3280999999999876
1365,F-Mono41-meL-Nle-dP-Bn(4-Cl)_Gly,-5.78,-6.058399999999991,0.27839999999999065
1407,Nal-cHexCH2_Gly-meL-Nle-dP-Mono43,-8.84,-9.048399999999997,0.20839999999999748
2925,A-meL-bHph-P-Me_dL-F,-6.02,-6.0215874999999865,0.0015874999999869743
3253,meA-Me_dL-L-P-Me_dL-F,-4.0,-4.433682857142853,0.4336828571428528
1496,A-Bn_Gly-meL-Nle-dP-Mono45,-5.26,-5.129451190476202,-0.13054880952379744
2559,bHph-Me_dL-Me_dL-dP-Me_dL-F,-5.32,-5.339561388888887,0.01956138888888681
1294,A-MeOEt_Gly-meL-Nle-dP-Mono42,-8.12,-8.057225000000006,-0.06277499999999314
3351,Me_dA-dL-meL-P-Me_dL-F,-5.21,-4.547207341269842,-0.662792658730158
1085,A-G-meF-meL-dP-meY,-6.8,-6.526925000000003,-0.27307499999999685
1339,L-MeOEt_Gly-meL-Nle-dP-Bn(4-Cl)_Gly,-5.34,-5.621649999999993,0.28164999999999285
1439,F-3-pyridylethyl_Gly-meL-Nle-dP-Mono1,-5.8,-5.407177252976754,-0.3928227470232457
2558,bHph-Bn_Gly-L-dP-L-F,-5.51,-5.691413333333337,0.18141333333333698
3423,meA-dL-dL-dP-meL-F,-6.18,-5.421024345238098,-0.758975654761902
1303,A-Mono39-meL-Nle-dP-Mono42,-6.21,-6.168453658536589,-0.04154634146341074
1557,A-cHexCH2_Gly-L-Nle-P-Mono34,-5.7,-5.608108055555559,-0.09189194444444126
1055,L-dL-meL-L-dP-meY,-5.88,-5.268266319036595,-0.6117336809634049
3566,Me_dA-L-Bn_Gly-dP-Bn_Gly-F,-5.72,-5.564240119047619,-0.15575988095238102
3045,A-meL-dL-dP-L-F,-6.21,-6.350463333333331,0.14046333333333116
1520,Nal-MeOEt_Gly-meL-Nle-dP-Mono45,-6.17,-6.550599999999992,0.3805999999999923
1632,dF-Mono38-L-Nle-P-Et_Gly,-7.24,-6.554761907114622,-0.6852380928853785
2979,dA-Bn_Gly-L-P-L-F,-6.08,-6.052088214285707,-0.027911785714293202
3489,meA-meL-bHph-dP-Bn_Gly-F,-5.45,-5.462299781746034,0.012299781746033744
3262,meA-dL-Bn_Gly-P-L-F,-5.44,-5.498924999999996,0.0589249999999959
1751,dA-cHexCH2_Gly-Me_dL-Nle-P-Et_Gly,-5.75,-5.482994329532264,-0.2670056704677357
1696,A-pentyl_Gly-dL-Nle-P-Et_Gly,-6.25,-6.2155208333333265,-0.0344791666666735
3437,meA-dL-Me_dL-dP-meL-F,-5.15,-4.94038547619048,-0.2096145238095204
1737,A-cHexCH2_Gly-dL-Nle-dP-Mono34,-5.02,-5.343612916666668,0.3236129166666686
3226,meA-dL-dL-P-meL-F,-5.73,-5.463711904761905,-0.26628809523809505
2999,dA-dL-bHph-P-Me_dL-F,-6.75,-6.231611666666681,-0.518388333333319
3197,dA-Bn_Gly-Me_dL-dP-Me_dL-F,-5.48,-5.305034783549782,-0.174965216450218
2684,bHph-Bn_Gly-bHph-P-L-F,-6.02,-6.0773380952381,0.05733809523810063
3398,Me_dA-Bn_Gly-meL-P-meL-F,-4.85,-4.795310734681987,-0.05468926531801266
2921,A-L-bHph-P-meL-F,-5.58,-6.114277500000018,0.5342775000000177
2343,L-dL-Cha-Cha-dP-F,-5.64,-5.507210373357943,-0.1327896266420563
1762,dF-pentyl_Gly-Me_dL-Nle-P-Mono34,-4.86,-5.1406394795001775,0.2806394795001772
3075,A-L-meL-dP-meL-F,-5.07,-5.828361011904764,0.7583610119047641
1263,A-Mono39-meL-Nle-dP-Mono34,-5.06,-5.266184826126744,0.20618482612674427
2597,bHph-L-L-P-dL-F,-6.32,-5.818757568619444,-0.5012424313805566
3189,dA-Me_dL-L-dP-Bn_Gly-F,-5.18,-5.258569404761921,0.07856940476192165
1172,Nal-Mono40-meL-Nle-dP-Et_Gly,-5.47,-5.514025000000001,0.04402500000000131
7423,dP-dL-Pye-dL-Abu-L,-7.46,-6.955325000000003,-0.5046749999999971
2837,Pr_Gly-Bn_Gly-bHph-P-dL-F,-5.85,-5.875763095238101,0.025763095238101386
1195,F-Bn_Gly-meL-Nle-dP-Pr_Gly,-5.63,-5.622337257501904,-0.0076627424980957315
3079,A-L-L-dP-Bn_Gly-F,-5.88,-5.736536666666655,-0.1434633333333446
1253,Nal-Mono41-meL-Nle-dP-iBu_Gly,-5.69,-5.759850000000003,0.06985000000000241
1317,F-cHexCH2_Gly-meL-Nle-dP-Mono42,-5.32,-5.399256814200364,0.07925681420036401
3155,dA-Me_dL-meL-dP-L-F,-5.82,-5.908574662698418,0.0885746626984174
1050,L-Me_dL-L-L-dP-Y,-6.11,-5.39880546287525,-0.7111945371247499
1414,A-MeOEt_Gly-meL-Nle-dP-Mono1,-5.93,-6.295949999999996,0.3659499999999962
3421,meA-dL-Me_dL-dP-L-F,-5.71,-5.5008006372548985,-0.20919936274510142
3121,dA-L-dL-dP-dL-F,-6.34,-6.222908333333338,-0.11709166666666171
1051,L-dL-meL-L-dP-Y,-6.12,-5.842272496137682,-0.2777275038623177
2735,Pr_Gly-Bn_Gly-L-dP-L-F,-5.64,-5.554888419913428,-0.08511158008657205
2602,bHph-dL-dL-P-Me_dL-F,-5.36,-5.468933333333334,0.10893333333333377
1522,F-Mono39-meL-Nle-dP-Mono45,-6.79,-6.772906666666683,-0.017093333333317418
3149,dA-Me_dL-dL-dP-meL-F,-5.3,-5.440318095238099,0.1403180952380989
1078,A-G-F-L-dP-Y,-8.0,-7.228574999999996,-0.7714250000000042
2759,Pr_Gly-Me_dL-meL-dP-Bn_Gly-F,-5.15,-5.161709285714291,0.011709285714291084
2964,dA-dL-Bn_Gly-P-dL-F,-6.45,-6.277627023809524,-0.1723729761904762
1279,F-3-pyridylethyl_Gly-meL-Nle-dP-Mono34,-5.51,-5.378605610068174,-0.13139438993182573
3385,Me_dA-L-meL-P-Bn_Gly-F,-5.07,-5.103278333333331,0.033278333333330856
3340,Me_dA-meL-L-P-dL-F,-5.13,-5.124398962578278,-0.005601037421722133
3265,meA-dL-L-P-Bn_Gly-F,-5.35,-5.621390833333348,0.27139083333334835
2748,Pr_Gly-meL-Bn_Gly-dP-dL-F,-5.13,-5.401066031746041,0.2710660317460407
1781,dF-cHexCH2_Gly-dL-Nle-P-Mono34,-4.87,-5.148024708345779,0.27802470834577875
3160,dA-meL-L-dP-Me_dL-F,-4.88,-4.90058023809523,0.020580238095230463
1231,L-3-pyridylethyl_Gly-meL-Nle-dP-iBu_Gly,-5.29,-5.5898026340979365,0.2998026340979365
2987,dA-meL-Me_dL-P-meL-F,-5.28,-5.237663387307142,-0.04233661269285793
1856,Ala(tBu)-Tza-dP-Mono48-Phe(4-F)-dF,-5.12,-5.127896666666675,0.007896666666675323
2861,A-L-L-P-meL-F,-6.15,-6.050895000000022,-0.09910499999997846
1402,F-Mono39-meL-Nle-dP-Mono43,-8.56,-8.289499999999999,-0.27050000000000196
1223,A-Mono39-meL-Nle-dP-iBu_Gly,-5.05,-5.21639536960501,0.16639536960501022
2866,A-meL-dL-P-Me_dL-F,-5.35,-5.248554642857155,-0.10144535714284508
2963,dA-dL-dL-P-Bn_Gly-F,-6.63,-6.597863571428569,-0.032136428571431175
2650,bHph-Me_dL-meL-P-meL-F,-5.19,-5.179112420634915,-0.01088757936508511
1319,F-3-pyridylethyl_Gly-meL-Nle-dP-Mono42,-6.65,-6.342116666666673,-0.3078833333333275
3470,meA-dL-bHph-dP-Me_dL-F,-5.53,-5.300103095238085,-0.22989690476191527
3012,dA-meL-meL-P-Bn_Gly-F,-5.37,-5.391104821428574,0.021104821428574283
2966,dA-L-meL-P-Me_dL-F,-6.47,-5.889221190476185,-0.5807788095238147
2608,bHph-L-dL-P-Me_dL-F,-4.97,-5.1256582142857035,0.1556582142857037
2589,bHph-Me_dL-Bn_Gly-dP-Bn_Gly-F,-5.46,-5.76991095238096,0.3099109523809602
3125,dA-dL-dL-dP-Me_dL-F,-6.75,-6.782790000000001,0.03279000000000121
3208,dA-L-Bn_Gly-dP-Bn_Gly-F,-5.74,-5.641189999999995,-0.09881000000000562
2711,Pr_Gly-dL-L-dP-meL-F,-4.8,-5.182643829365077,0.3826438293650769
953,dA-meA-(N->O)Val-A-(N->O)Leu-Me_dF,-5.14,-5.811900000000016,0.6719000000000159
3292,meA-Me_dL-bHph-P-dL-F,-5.93,-5.7298525992063665,-0.20014740079363325
1399,F-3-pyridylethyl_Gly-meL-Nle-dP-Mono43,-6.4,-6.206999999999997,-0.19300000000000317
946,meV-d(N->O)Val-meV-d(N->O)Val-meV-d(N->O)Val,-4.73,-5.722506250000001,0.9925062500000008
2728,Pr_Gly-Me_dL-L-dP-meL-F,-5.05,-4.971948392857154,-0.07805160714284565
5654,dF-Nle-Nle-Me_Nle-P-Mono100,-5.6,-6.131133928571437,0.5311339285714372
1465,A-Mono41-meL-Nle-dP-Mono44,-6.59,-6.469250000000004,-0.1207499999999957
2673,bHph-dL-Bn_Gly-P-Bn_Gly-F,-6.02,-5.791924999999996,-0.22807500000000314
1061,meL-Me_dL-meL-L-dP-meY,-5.82,-5.456489398616295,-0.3635106013837053
3132,dA-L-Me_dL-dP-dL-F,-5.93,-6.117419999999997,0.1874199999999977
2623,bHph-dL-meL-P-Me_dL-F,-5.33,-5.123558988095235,-0.20644101190476505
3117,A-meL-bHph-dP-Bn_Gly-F,-5.99,-5.862276051587296,-0.1277239484127044
1749,F-Mono38-dL-Nle-dP-Mono1,-5.06,-5.31621343006355,0.2562134300635508
3310,meA-Bn_Gly-bHph-P-dL-F,-6.07,-5.853795595238104,-0.21620440476189628
2314,L-Me_dAbu-meL-L-dP-Me_Cha,-4.9,-5.267720833333336,0.36772083333333594
1627,dA-pentyl_Gly-L-Nle-P-Mono34,-6.45,-5.977495075757581,-0.4725049242424193
2970,dA-Me_dL-L-P-meL-F,-5.3,-5.342368154761903,0.042368154761903476
3412,meA-dL-dL-dP-L-F,-6.11,-6.2686189140101485,0.15861891401014816
3170,dA-Bn_Gly-L-dP-L-F,-6.06,-6.070722619047614,0.010722619047614401
3198,dA-Me_dL-Bn_Gly-dP-Me_dL-F,-5.69,-5.225421423160177,-0.4645785768398234
1464,A-Mono40-meL-Nle-dP-Mono44,-5.79,-6.004391666666669,0.21439166666666853
26,Me_dL-meL-L-meL-dP-meY,-5.39,-5.615696838920092,0.22569683892009262
1131,P-A-L-G-F-A,-7.13,-7.070398333333332,-0.05960166666666833
1777,dA-pentyl_Gly-dL-Nle-P-Mono1,-5.68,-5.521466666666652,-0.15853333333334785
3107,A-Me_dL-meL-dP-Bn_Gly-F,-5.28,-5.161241071428581,-0.11875892857141945
1477,F-cHexCH2_Gly-meL-Nle-dP-Mono44,-7.35,-6.955352083333346,-0.39464791666665366
3279,meA-meL-Me_dL-P-meL-F,-4.72,-4.498628889443891,-0.2213711105561087
1042,L-Me_dL-meL-L-dP-Mono32,-6.0,-6.222199999999997,0.2221999999999973
3071,A-L-Bn_Gly-dP-dL-F,-6.69,-6.0492916666666625,-0.6407083333333379
3167,dA-meL-meL-dP-L-F,-5.57,-5.908574662698418,0.3385746626984174
1289,Nal-3-pyridylethyl_Gly-meL-Nle-dP-Mono34,-5.32,-5.7757269230769115,0.4557269230769112
1135,A-pentyl_Gly-meL-Nle-dP-Et_Gly,-5.36,-5.346799898359735,-0.013200101640265416
2554,bHph-dL-L-dP-Bn_Gly-F,-5.74,-5.463948333333335,-0.2760516666666648
1382,A-PhPr_Gly-meL-Nle-dP-Mono43,-6.12,-6.2359000000000036,0.11590000000000344
1532,Nal-Mono40-meL-Nle-dP-Mono45,-6.58,-6.428049999999992,-0.15195000000000825
1146,L-Bn_Gly-meL-Nle-dP-Et_Gly,-4.99,-5.157717251981145,0.16771725198114495
7454,dL-Leu(O->S)-L-dP-Y-L,-5.37,-5.3245404653679635,-0.04545953463203656
1705,A-pentyl_Gly-dL-Nle-P-Mono1,-5.07,-5.250219377289377,0.18021937728937676
2593,bHph-Bn_Gly-bHph-dP-Bn_Gly-F,-5.73,-5.876554999999988,0.14655499999998778
3033,A-dL-dL-dP-Me_dL-F,-6.91,-6.316816666666654,-0.5931833333333465
7487,dW-K-T-F-P-Phe(O->S),-5.82,-6.257922499999995,0.43792249999999466
2960,dA-Me_dL-L-P-Me_dL-F,-5.3,-5.342368154761903,0.042368154761903476
2660,bHph-meL-meL-P-meL-F,-5.29,-5.179112420634915,-0.11088757936508475
3072,A-L-dL-dP-Bn_Gly-F,-6.32,-6.230966666666669,-0.0890333333333313
1453,Nal-Mono41-meL-Nle-dP-Mono1,-6.5,-6.719950000000015,0.21995000000001497
